Nombre del Lugar,Categoría,Dirección,Latitud,Longitud,Tiempo de Estancia,Costo Estimado,Imagen,Subcategoría,Nota para IA
"Estadio Akron, Guadalajara",Fútbol,Cto. J.V.C. 2800,"20,6817764","-103,4626455",180,,,,"Sede oficial del Mundial 2026 en Guadalajara. Estadio de clase mundial con capacidad para 49,850 aficionados y casa del Chivas FC."
"Glorieta de la Minerva, Guadalajara",Fútbol,Av. Ignacio L Vallarta,"20,6743943","-103,3874128",45,Gratis,,,"Icónico monumento de Guadalajara en honor a la diosa Minerva. Punto de referencia tapatío en la avenida Vallarta y símbolo de la identidad de la ciudad."
"Museo Chivas, Guadalajara",Arquitectura,Cto. J.V.C. 2800,"20,6819467","-103,4626455",90,$150,,,"Museo interactivo del Club Deportivo Guadalajara. Recorre la historia del equipo más campeón de México con exhibiciones de trofeos y jerseys históricos."
"La Gran Plaza Fashion Mall, Guadalajara",Compras,La Gran Plaza Fashion Mall,"20,6737855","-103,4047841",90,$100,,,"Uno de los centros comerciales más grandes de Latinoamérica con más de 300 tiendas, restaurantes y entretenimiento en la zona metropolitana de Guadalajara."
"Tortas Ahogadas ""El Güerito"", Guadalajara",Gastronomía Mexicana,Calle Francisco I. Madero 13,"20,6730994","-103,3436262",60,$100 - $200,,Callejero,"Pan birote bañado en salsa de chile de árbol: el antojito callejero más representativo de Guadalajara. Un clásico imperdible cerca del Centro Histórico."
"Centro Histórico de Tlaquepaque, Guadalajara","Cultura, Eventos, Postre, Mercados Locales, Museos, Aventura, Compras, Vida Nocturna, Fotografía, Música, Arquitectura, Arte e Historia",Calle Independencia,"20,6393535","-103,3149955",60,Gratis,,,"Pueblo Mágico y corazón artesanal de Jalisco. Calles empedradas con galerías de arte, talleres de artesanos, restaurantes y vida nocturna a minutos de Guadalajara."
"Santo Coyote Real, Guadalajara","Gastronomía Mexicana, Gastronomía",Av. del Servidor Público 3600,"20,7331289","-103,4307459",150,$500 - $600,,Gourmet,"Icónico restaurante mexicano creativo en un jardín encantador con fuentes y velas. Famoso por su sopa Azteca y ambiente bohemio; una experiencia sensorial completa."
"Santo Coyote, Guadalajara","Gastronomía, Gastronomía Mexicana",C. Miguel Lerdo de Tejada 2379,"20,670492","-103,377027",150,$500 - $600,,Gourmet,"Sucursal del icónico Santo Coyote en la Colonia Americana. Cocina mexicana creativa con ambiente bohemio y jardín; perfecto para una cena especial en Guadalajara."
"La Bodega de León, Guadalajara","Gastronomía, Gastronomía Mexicana",C. Miguel de Cervantes Saavedra 144,"20,6725991","-103,3749047",150,$500 - $600,,Gourmet,"Cocina mexicana contemporánea en un espacio íntimo y elegante. Menú variado con ingredientes locales de alta calidad; ideal para cenas románticas en el barrio Americana."
"Mutante Restaurante, Guadalajara","Gastronomía Mexicana, Gastronomía, Vida Nocturna, Música",Lopez Cotilla 1937 Colonia Americana Laffayette S.J,"20,6731631","-103,376819",150,$500 - $600,,Gourmet,"Restaurante de cocina mexicana de autor con música en vivo y ambiente vanguardista. Menú rotativo con ingredientes de temporada en la vibrante Colonia Americana."
"Plaza de Armas, Guadalajara",Cultura,Plaza de Armas,"20,6763238","-103,3469332",60,Gratis,,,"La plaza principal de Guadalajara desde el siglo XVI. Rodeada por la Catedral y el Palacio de Gobierno; su quiosco modernista de hierro francés es una joya fotográfica."
"Casa Museo López Portillo, Guadalajara","Cultura, Museos, Arte e Historia","Calle Liceo 177, Centro Histórico","20,6757","-103,3462",60,Gratis,,Museo histórico,"Residencia neoclásica del siglo XIX en el corazón del Centro Histórico. Alberga exposiciones permanentes de arte, historia y cultura jalisciense en una elegante arquitectura colonial. Un recorrido por la vida aristocrática del Guadalajara histórico."
"Karne Garibaldi (Santa Tere), Guadalajara",Gastronomía Mexicana,Calle Garibaldi,"20,6813489","-103,3669478",90,$250 - $400,,Tradicional,"Récord Guinness al servicio de restaurante más rápido del mundo. Carne en su jugo servida en tiempo récord; una experiencia única de la gastronomía tapatía."
"Karne Garibaldi Sucursal Tlaquepaque, Guadalajara",Gastronomía Mexicana,Blvd. Gral. Marcelino García Barragán 1627,"20,652878","-103,3250386",90,$250 - $400,,Tradicional,"Sucursal del famoso Récord Guinness cerca de Tlaquepaque. La misma carne en su jugo servida a velocidad récord; imperdible antes de explorar las artesanías del Pueblo Mágico."
"Karne Garibaldi Sucursal Plaza Del Sol, Guadalajara",Gastronomía Mexicana,Av. Mariano Otero 3019,"20,6477173","-103,4309",90,$250 - $400,,Tradicional,"Sucursal del icónico Récord Guinness en la zona de Plaza del Sol. Carne en su jugo en tiempo récord; una parada obligada para conocer la gastronomía rápida tapatía."
"El Sacromonte, Guadalajara",Gastronomía Mexicana,C. Pedro Moreno 1398,"20,6757368","-103,3660848",120,$500 - $900,,Gourmet,"Cocina mexicana de autor en el barrio Americana. Ingredientes locales con presentaciones contemporáneas que preservan los sabores tradicionales jaliscienses en un ambiente elegante."
"Los Famosos Equipales, Guadalajara",Gastronomía Mexicana,C. Juan Álvarez 704,"20,6845544","-103,3523226",90,$200 - $400,,Tradicional,"Restaurante de cocina tapatía auténtica en sillas de madera y cuero típicas de Jalisco. Birria de res y platillos regionales con el ambiente más genuino del norte de la ciudad."
"La Chata, Guadalajara",Gastronomía Mexicana,Av. Ramón Corona 126,"20,6746934","-103,3466531",90,$200 - $450,,Tradicional,"Institución gastronómica de Guadalajara desde 1942. Pozole, birria y sopes en el centro histórico; referencia obligada para conocer la cocina tapatía auténtica."
"La Chata Terranova, Guadalajara",Gastronomía Mexicana,Av Terranova 405A,"20,6828334","-103,3873673",90,$200 - $451,,Tradicional,"Sucursal de la institución gastronómica tapatía desde 1942. Los mismos sabores clásicos de pozole rojo y birria en la zona Providencia; tradicional desde el desayuno."
"Birriería Las Nueve Esquinas, Guadalajara",Gastronomía Mexicana,C. Colón 384,"20,6706857","-103,348513",70,$150 - $350,,Tradicional,"La birria de chivo más emblemática de Guadalajara en el pintoresco barrio de las Nueve Esquinas. Receta familiar con más de 80 años de tradición jalisciense."
"Tacos Providencia, Guadalajara",Gastronomía Mexicana,C. Justo Sierra 3084,"20,6770078","-103,3931757",60,$100 - $350,,Callejero,"Tacos de guisado casero en la zona Providencia; punto de encuentro de tapatíos para un almuerzo rápido y auténtico con salsas caseras a tu gusto."
"Tacos Providencia Ruben Daria, Guadalajara",Gastronomía Mexicana,Av. Rubén Darío 534,"20,685292","-103,3850041",60,$100 - $350,,Callejero,"Tacos de guisado en estilo casero tapatío sobre la avenida Rubén Darío. Sabores reconfortantes de la cocina diaria de Guadalajara a precios muy accesibles."
"Los Laureles (Av. México), Guadalajara",Gastronomía Mexicana,Av. México 2605,"20,679192","-103,382849",90,$300 - $550,,Tradicional,"Cocina mexicana casera y reconfortante sobre la avenida México. Caldos y guisados con técnica tradicional en porciones generosas; favorito de familias tapatías."
"Restaurante Casa Luna, Guadalajara","Gastronomía Mexicana, Postre, Música",Calle Independencia 211-int. A,"20,6391717","-103,3139611",150,$500 - $600,,Tradicional,"Ambiente romántico y colonial en el corazón de Tlaquepaque con cocina mexicana artesanal. Música en vivo y postres de autor; ideal para una cena especial con pareja."
"Tortas Ahogadas Don Jose El De La Bicicleta, Guadalajara",Gastronomía Mexicana,C. Mexicaltzingo 27,"20,6652842","-103,3479514",45,$120 - $250,,Callejero,"Uno de los puestos más populares de tortas ahogadas en Guadalajara. Tradición familiar y receta auténtica que ha conquistado el paladar de generaciones de tapatíos."
"Cantina La Fuente, Guadalajara","Gastronomía Mexicana, Música, Vida Nocturna",C. Pino Suárez 78,"20,6777418","-103,3456321",90,$200-$300,,Tradicional,"Una de las cantinas más antiguas del Centro Histórico, fundada en 1921. Ambiente de época, botanas sin costo, música en vivo y la mejor selección de tequilas jaliscienses."
"El Parián de Tlaquepaque, Guadalajara","Gastronomía Mexicana, Vida Nocturna, Cultura",Calle Progreso 15,"20,6388349","-103,3110439",120,$300,,Tradicional,"Recinto gastronómico y cultural en el corazón de Tlaquepaque. Mariachis en vivo, birria y tequila en un espacio colonial que es visita obligada para cualquier turista."
"Instituto Cultural Cabañas, Guadalajara","Cultura, Fotografía, Arte e Historia, Museos",Pl. Tapatía,"20,6768911","-103,3406483",120,$80,,,"Patrimonio de la Humanidad por la UNESCO. Fundado en 1810 como casa de beneficencia; alberga los murales de José Clemente Orozco con el icónico Hombre de Fuego en su cúpula."
"Teatro Degollado, Guadalajara ","Fotografía, Música, Arte e Historia, Cultura, Museos, Aventura, Eventos",C. Degollado s/n,"20,6769963","-103,34477",45,$90 - $350,,,"El principal recinto escénico de Guadalajara inaugurado en 1866. Sede de la Orquesta Filarmónica y el Ballet Folklórico de la UdeG; su fachada neoclásica es Patrimonio Cultural."
"Catedral Metropolitana, Guadalajara","Cultura, Música, Fotografía, Vida Nocturna, Postre",Guadalajara,"20,6751707","-103,3473385",40,Gratis,,,"La catedral más importante de Jalisco construida entre 1561 y 1618. Sus torres gemelas y vitrales europeos la convierten en el símbolo más reconocible de Guadalajara."
"Palacio de Gobierno de Jalisco, Guadalajara","Cultura, Museos, Arquitectura, Arte e Historia",Av. Ramón Corona 31,"20,6761701","-103,3463247",60,Gratis,,,"Sede del gobierno estatal con los famosos murales de José Clemente Orozco que retratan al cura Hidalgo. Acceso gratuito para admirar su arquitectura barroca colonial."
"Rotonda de los Jaliscienses Ilustres, Guadalajara","Naturaleza, Arquitectura, Fotografía",Rotonda de los Jaliscienses Ilustres,"20,6778865","-103,3470261",30,Gratis,,,"Mausoleo circular que honra a los grandes personajes de Jalisco. Sus columnas dóricas y jardines junto a la Catedral crean uno de los espacios más fotogénicos del centro."
"Museo del Periodismo y las Artes Gráficas, Guadalajara","Cultura, Museos, Arquitectura, Arte e Historia, Fotografía",Av. Alcalde 225,"20,6799521","-103,3478543",60,Gratis,,,"Instalado en la Casa de los Perros, edificio barroco del siglo XVIII. Exhibe la historia del periodismo y la imprenta en México con valiosas piezas históricas originales."
"Expiatorio del Santísimo Sacramento, Guadalajara","Cultura, Museos, Arquitectura, Arte e Historia",C. Manuel López Cotilla 935,"20,6736946","-103,3589671",45,Gratis,,,"Majestuosa iglesia neogótica construida entre 1897 y 1972. Sus rosetones y vitrales importados de Alemania la convierten en una de las más bellas y fotografiadas de Guadalajara."
"Nieves Chapalita Tepeyac, Guadalajara",Postre,Av. Tepeyac 1207,"20,6615796","-103,4059981",15,$50 - $100,,,"Nieves artesanales de garrafa elaboradas con métodos tradicionales en Chapalita. Sabores únicos como mamey, guanábana y rompope en un negocio familiar de toda la vida."
"Nieves de Garrafa Chapalita Juárez, Guadalajara",Postre,C. Juárez 246,"20,6383582","-103,3145029",15,$50 - $100,,,"Nieves de garrafa artesanales en el corazón de Tlaquepaque. Sabores regionales únicos como chongos y chilacayote que solo encuentras en puestos tradicionales jaliscienses."
"Nieves de Garrafa Chapalita Gourmet, Guadalajara",Postre,Calle Independencia 321,"20,6392819","-103,3161748",15,$50 - $100,,,"Versión gourmet de las tradicionales nieves de garrafa jaliscienses. Sabores creativos y de temporada en la calle Independencia de Tlaquepaque; el postre perfecto del recorrido."
"Churros ""La Bombilla"", Guadalajara",Postre,C. Manuel López Cotilla 751-A,"20,6740596","-103,3558814",45,$100 - $200,,,"Churros artesanales crujientes servidos con chocolate caliente en el corazón de Guadalajara. Una tradición dulce para rematar un día de turismo por el Centro Histórico."
"Dulces Regionales ""Nuestros Dulces"", Guadalajara",Postre,Av. 16 de Septiembre 133,"20,6746863","-103,3471794",45,$100,,,"Tienda de dulces típicos jaliscienses en el Centro Histórico. Mazapanes, ates de membrillo y cajeta artesanal; el mejor souvenir comestible para llevar de Guadalajara."
"El Gallo Altanero, Guadalajara",Vida Nocturna,Calle Marsella 126,"20,6740616","-103,3707624",30,$60 - $120,,Vida Nocturna
"Gallo Cervecero Sportsbar , Guadalajara","Vida Nocturna, Gastronomía",C. Progreso 79,"20,6750469","-103,3670046",20,$20 - $100,,Vida Nocturna
"Osteria 10, Guadalajara","Postre, Gastronomía",C. Manuel López Cotilla 1498-A,"20,6738854","-103,3696233",30,$40 - $80,,Gourmet
"Bosque Colomos, Guadalajara","Aventura, Naturaleza",Los Colomos Forest,"20,7048846","-103,3910733",60,Gratis,,,"Pulmón verde de Guadalajara con 90 hectáreas de bosque urbano. Ideal para caminatas y desconexión; alberga el jardín japonés más grande de América Latina y hermosas fuentes."
"La Boca Parrilla Rustica, Guadalajara","Gastronomía, Gastronomía Mexicana, Vida Nocturna","Miguel, C. Miguel Lerdo de Tejada 2100","20,6716459","-103,3703191",150,$500 - $600,,Gourmet,"Parrilla rustica con cortes de carne premium en la Colonia Americana. Ambiente animado y carnes al carbón con guarniciones generosas; ideal para carnívoros exigentes."
"CRAFT Americana, Guadalajara","Gastronomía, Música, Vida Nocturna",Av. de la Paz 1766-Local 2,"20,671765","-103,3639297",90,$300,,Gourmet,"Hamburguesas artesanales y cervezas craft en la Colonia Americana. Ambiente informal y animado con música; perfecto para un almuerzo o cena entre amigos."
"Argento Americana, Guadalajara",Gastronomía,Calle Argentina 355,"20,6714566","-103,361081",90,$300,,Gourmet,"Cocina argentina con toque mexicano en el barrio Americana. Empanadas crujientes y carnes a la parrilla en un ambiente tranquilo y acogedor."
"PINOCCHIO - Pedro Moreno, Guadalajara",Gastronomía,C. Pedro Moreno 1567,"20,6752127","-103,369875",120,$200-$400,,Gourmet,"Cocina italiana contemporánea en el corredor gastronómico de Pedro Moreno. Pastas artesanales y antipastos en un espacio moderno y animado."
"Romea, Guadalajara","Gastronomía, Vida Nocturna, Música",C. José María Morelos 1360,"20,6762475","-103,3652095",120,$200-$400,,Gourmet,"Restaurante mediterráneo con ambiente sofisticado en Vallarta. Mariscos frescos y sabores del sur de Europa con coctelería de diseño y música en vivo."
"Tikuun comedor, Guadalajara",Gastronomía Mexicana,C. Emeterio Robles Gil 50,"20,6757448","-103,3624709",120,"$400 - $2,500",,Tradicional,"Cocina mexicana gourmet inspirada en raíces prehispánicas. Técnicas modernas con ingredientes nativos en un ambiente íntimo; experiencia culinaria única en Guadalajara."
"Rosarito, Guadalajara","Gastronomía Mexicana, Gastronomía, Música, Vida Nocturna",Av. Chapultepec Sur 565,"20,6674669","-103,3682254",150,$200-$400,,Tradicional,"Ambiente vibrante en Chapultepec con cocina mexicana y mariscos. Terraza popular para cenar y beber en una de las zonas más animadas de Guadalajara."
"Tyrano, Guadalajara","Gastronomía, Vida Nocturna, Música",C. Pedro Moreno 1212,"20,6756822","-103,36293",150,$300-$600,,Gourmet,"Cocina de autor y coctelería de diseño en el corazón de Guadalajara. Ambiente oscuro y elegante ideal para cenas largas con música seleccionada."
"De La O Cantina, Guadalajara","Vida Nocturna, Música",Calle Argentina 70,"20,6751906","-103,3614435",150,$200-$400,,Vida Nocturna,"Cantina moderna con ambiente artístico en Santa Teresita. Cócteles creativos y botanas de autor; punto de encuentro de creativos y noctámbulos tapatíos."
"Hueso Restaurante, Guadalajara","Gastronomía, Música, Vida Nocturna",Calle Efraín González Luna 2061,"20,6695522","-103,3697616",150,"$1,200",,Gourmet,"Restaurante de alta cocina con diseño único rodeado de huesos y referencias óseas. Una experiencia gastronómica y visual única en el barrio Americana de Guadalajara."
"Parque Agua Azul, Guadalajara",Naturaleza,Parque Agua Azul,"20,6595989","-103,3494703",90,Gratis,,,"El parque público más grande del centro de Guadalajara. Jardines tropicales, orquideario, mariposario y espacios culturales en un oasis verde de acceso libre para todos."
"Restaurante Casa Caborca Asador de Carnes Zapopan, Guadalajara","Gastronomía Mexicana, Gastronomía, Vida Nocturna",Av Rafael Sanzio 165,"20,6747396","-103,4298768",150,$400-$600,,Gourmet,"Asador de cortes sonorenses en Zapopan. Carnes de primera calidad al estilo del norte del país con ambiente norteño auténtico; favorito de familias en fin de semana."
Cuerno Andares,"Gastronomía Mexicana, Gastronomía, Postre, Música, Vida Nocturna",Blvd. Puerta de Hierro 4965,"20,712606","-103,4125498",150,"$1,000-$1,500",,Gourmet,"Cocina mexicana moderna en el exclusivo desarrollo Andares. Ambiente sofisticado con sabores contemporáneos a pasos de las mejores tiendas del poniente de la ciudad."
Mantela Restaurante,"Gastronomía, Gastronomía Mexicana, Vida Nocturna",Blvd. Puerta de Hierro 4965,"20,7107409","-103,4124959",150,"$1,000-$1,500",,Gourmet,"Restaurante de chef con cocina mexicana de temporada en Andares. Ingredientes frescos y presentaciones de arte culinario en un marco elegante y contemporáneo."
Mochomos Guadalajara,"Gastronomía, Gastronomía Mexicana, Postre",Av. Patria 188,"20,7074473","-103,4128724",150,"$1,000-$1,500",,Gourmet,"Cocina sonorense con los mejores cortes de carne de la ciudad. Famoso por su carne asada y burritos norteños en ambiente festivo; perfecto para grupos grandes."
Cotidiano - Restaurante en La Perla,Gastronomía,Av. Mariano Otero 480,"20,6438923","-103,4126551",150,$200-$400,,Gourmet,"Cocina de mercado en La Perla Tapatía con menú diario de ingredientes frescos. Ambiente acogedor y accesible; reflejo genuino de la comida cotidiana de calidad en Guadalajara."
Casa Prime Puerta de Hierro,"Gastronomía, Gastronomía Mexicana","Real de Acueducto 210, Real Acueducto","20,7101861","-103,410269",150,"$1,000-$1,500",,Gourmet,"Restaurante de cortes premium en la exclusiva zona de Andares. Carnes importadas y locales con acabados gourmet en un ambiente íntimo y refinado."
"Ay! Caguamas Ciudad Granja, Guadalajara","Música, Vida Nocturna",Calzada Nte 7195-Interior 19,"20,682391","-103,4461655",150,$200-$400,,Vida Nocturna,"El spot para botanas y caguamas en la zona Ciudad Granja. Ambiente relajado y festivo muy popular entre jóvenes tapatíos para una tarde-noche desenfadada."
"Angelina Bistro, Guadalajara","Gastronomía, Gastronomía Mexicana, Vida Nocturna, Música",Av central no 248B Local LB col,"20,6747619","-103,4517081",150,$200-$400,,Gourmet,"Bistró de cocina europea con toque mexicano en el poniente de Guadalajara. Brunch los fines de semana y cenas románticas entre semana con música en vivo."
"Taberna Central, Guadalajara","Gastronomía, Música, Vida Nocturna",Calz. Central 125 A,"20,6751707","-103,3473385",150,$200-$400,,Gourmet,"Cocina de mercado y cervezas artesanales en el Centro de Guadalajara. Ambiente relajado con platillos que mezclan tradición e innovación; ideal antes de una noche de bares."
"Tía Ofe Pozole Vegano, Guadalajara","Vegana, Comida Calle","Expiatorio, Col Americana, 44160","20,6730264","-103,3588896",30,$100-$150,,Vegana,"Pozole vegano con caldo rico y todas las guarniciones tradicionales. Una opción saludable y auténtica que conquista también a los más carnívoros en la Colonia Americana."
Choclo y Maiz Cocina Vegana,Cafeterias Vegana,Calle Gabriel Ramos Millán #37,"20,6765945","-103,3674101",60,$100-$250,,Vegana,"Cocina vegana mexicana con platillos creativos a base de maíz. Sabores que sorprenden incluso a los más carnívoros; opción saludable y deliciosa en la Colonia Americana."
"Café Sinergia, Guadalajara","Gastronomía, Cafeterías",Guadalajara,20.669755439642028,-103.37041488650674,60,$100-$200,https://tb-static.uber.com/prod/image-proc/processed_images/4edd6091026c1265bdb70258fb49f83d/bc9c318a9c96996e2d990faf2b0c65f6.jpeg,Cafeterías,"Cafetería acogedora en la Colonia Americana muy popular entre trabajadores y estudiantes. Bebidas de especialidad y desayunos en un ambiente creativo y colaborativo."
"Hospital Hispano, Guadalajara",Hospital,C. Pedro Moreno 934,"20,6757474","-103,3581196",,,,
"Hospital Real San José, Guadalajara",Hospital,Calz. Lázaro Cárdenas 4149,"20,6728373","-103,4095175",,,,
"Hospital Colonias, Guadalajara",Hospital,Av. Miguel Hidalgo y Costilla 1351,"20,6767593","-103,3663609",,,,
"Hospital Lomas Providencia, Guadalajara",Hospital,Victoria 1515,"20,6974911","-103,3898657",,,,
"Hospital Country 2000, Guadalajara",Hospital,Av. Cvln. Jorge Álvarez del Castillo 1542,"20,7036781","-103,3646804",,,,
"Hospital México Americano, Guadalajara",Hospital,C. Colomos 2110,"20,6914756","-103,3699146",,,,
"Hospital San Javier, Guadalajara",Hospital,Av Pablo Casals 640,"20,6879462","-103,3896287",,,,
"Hospital Ángeles del Carmen, Guadalajara",Hospital,C. Tarascos 3435,"20,6807337","-103,3984033",,,,
"Puerta de Hierro Medical Center, Guadalajara",Hospital,Av. Empresarios 150,"20,7086893","-103,4144338",,,,
"Hospital Real San José Valle Real, Guadalajara",Hospital,Av. Central Guillermo González Camarena 911,"20,7218921","-103,4296447",,,,
"Hospital Jardines, Guadalajara",Hospital,Calle Toltecas 3597,"20,6818811","-103,3996857",,,,
"Hospital Civil Fray Antonio Alcalde, Guadalajara",Hospital,Coronel Calderón 777,"20,6880786","-103,3435825",,,,
"We Cash Centro, Guadalajara",Casas de Cambio,C. Manuel López Cotilla 167,"20,674326","-103,3451183",,,,
"Foreign Exchange Center West Pearl, Guadalajara",Casas de Cambio,C. Manuel López Cotilla 211-Loc. 2A,"20,6743352","-103,3460074",,,,
"Centro Cambiario Torres Barón, Guadalajara",Casas de Cambio,C. Maestranza 150,"20,6744657","-103,3457252",,,,
"Dólares Américas, Guadalajara",Casas de Cambio,Av. de las Américas 393-A,"20,684049","-103,3737671",,,,
"Casa de Cambio Minerva, Guadalajara",Casas de Cambio,44690 Glorieta Minerva,"20,6730627","-103,3880093",,,,
"Centro Cambiario Remus, Guadalajara",Casas de Cambio,Jardines de Los Arcos 44500,"20,6657657","-103,3943685",,,,
"Dólares Manhattan, Guadalajara",Casas de Cambio,Av Guadalupe 1259-B,"20,6658475","-103,4032485",,,,
"Casa de Cambio Dólares Acueducto, Guadalajara",Casas de Cambio,Av. Acueducto 6050 Local 7-8,"20,7222675","-103,4156134",,,,
"Centro Cambiario Delfino, Guadalajara",Casas de Cambio,Avenida Patria 7123-Interior 2z A 2,"20,7131142","-103,3791455",,,,
"Casa de Cambio Patria, Guadalajara",Casas de Cambio,Av. Patria 713B,"20,6900671","-103,4183173",,,,
"Dólar Azteca, Guadalajara",Casas de Cambio,Av. Adolfo López Mateos Sur 4460,"20,6077497","-103,4319162",,,,
"Café Rozita, Guadalajara","Gastronomía, Cafeterías",C. Penitenciaría 334,"20,6717572","-103,3557689",60,$100-$200,,Cafeterías,"Cafetería acogedora cerca del barrio San Juan de Dios. Bebidas especiales y repostería artesanal en un espacio con carácter; favorita de artistas y creativos locales."
"Café Boutique Teatro Degollado, Guadalajara","Gastronomía, Cafeterías","C. Belén Centro Historico 44100 Guadalajara","20,676856","-103,344773",60,$100-$200,,Cafeterías,"Pequeña joya junto al Teatro Degollado. El lugar ideal para una pausa cultural con café artesanal antes o después de un espectáculo en el Centro Histórico."
"Fragante Café, Guadalajara","Gastronomía, Cafeterías",C. Pedro Loza 389,"20,6825218","-103,348621",60,$100-$200,,Cafeterías,"Café de especialidad en el Centro Histórico. El aroma de granos de origen llena este espacio íntimo con métodos de preparación alternativos para amantes del café serio."
"Happy Coffee, Guadalajara","Gastronomía, Cafeterías",Calle Mesa del Nte 130B,"20,7071512","-103,3221768",60,$100-$200,,Cafeterías,"Cafetería colorida y animada en Zapopan que vive a su nombre. Bebidas especiales y desayunos en un ambiente festivo y vibrante que llena de energía el día."
"Moka Moments Cafetería, Guadalajara","Gastronomía, Cafeterías",C. Francisco Javier Mujica 927,"20,706924","-103,34526",60,$100-$200,,Cafeterías,"Cafetería acogedora en el norte de la ciudad. Bebidas calientes y frías con repostería artesanal que hacen de cada visita un momento especial para pausar el día."
"Aloó Café, Guadalajara","Gastronomía, Cafeterías",C. Jesús García 1984,"20,6894103","-103,3741836",60,$100-$200,,Cafeterías,"Café de especialidad en la Colonia Ladrón de Guevara. Ambiente minimalista con bebidas de autor y repostería fresca; el lugar ideal para iniciar bien la mañana."
"Kalido Café, Guadalajara","Gastronomía, Cafeterías",C. Manuel López Cotilla 2149-A,"20,6731039","-103,382489",60,$100-$200,,Cafeterías,"Cafetería moderna en la Colonia Americana con bebidas creativas y leches vegetales. Opciones para dietas especiales y repostería saludable en un espacio luminoso."
"Gufo Café, Guadalajara","Gastronomía, Cafeterías",Av. Chapultepec Sur 198,"20,6730811","-103,3689433",60,$100-$200,,Cafeterías,"Cafetería de especialidad en la zona Chapultepec. Granos de origen y métodos de extracción alternativos en un ambiente tranquilo; favorita de los amantes del café serio."
"Fika, Guadalajara","Gastronomía, Cafeterías",San Felipe de Jesús,"20,6693587","-103,3237397",60,$100-$200,,Cafeterías,"Cafetería inspirada en la tradición escandinava del fika para pausar y disfrutar. Café artesanal con repostería nórdica en el sur de Guadalajara; una experiencia diferente."
"Estresso Café, Guadalajara","Gastronomía, Cafeterías",Milán 2816,"20,6957464","-103,3843568",60,$100-$200,,Cafeterías,"Cafetería vibrante en Providencia especializada en espresso y opciones frías. Bebidas rápidas de calidad para el ritmo acelerado del norte de la ciudad."
"El Terrible Juan Café La Estancia, Guadalajara","Gastronomía, Cafeterías",Av Rafael Sanzio 525,"20,666922","-103,4317599",60,$100-$200,,Cafeterías,"Cafetería rústica y acogedora en la zona de Andares. Desayunos completos y café de origen en un ambiente familiar con terraza; perfecto para el brunch del fin de semana."
"Entre Matices Café, Guadalajara","Gastronomía, Cafeterías",Av Guadalupe 5057-L8,"20,6615914","-103,4257221",60,$100-$200,,Cafeterías,"Café de especialidad en Chapalita con métodos de preparación alternativos. Granos seleccionados y opciones de temporada en un espacio íntimo para los más cafeteros."
"Jardín Cafeto Providencia, Guadalajara","Gastronomía, Cafeterías",Av Montevideo 3194,"20,6967251","-103,3896932",60,$100-$200,,Cafeterías,"Sucursal de la cadena más querida de Guadalajara en Providencia. Jardín al aire libre con café de especialidad y desayunos; el punto de encuentro del barrio desde las 7:30 am."
"Jardín Cafeto La Americana, Guadalajara","Gastronomía, Cafeterías",Av. Ignacio L Vallarta 1850,"20,674692","-103,3734837",60,$100-$200,,Cafeterías,"La sucursal de Jardín Cafeto en la Colonia Americana. Ambiente de jardín con café de especialidad; referencia del desayuno tapatío en una de las zonas más cosmopolitas."
"Jardín Cafeto Chapalita, Guadalajara","Gastronomía, Cafeterías",Av. Tepeyac 4048,"20,661256","-103,4080331",60,$100-$200,,Cafeterías,"Sucursal de Jardín Cafeto en el tranquilo barrio de Chapalita. Jardín característico con café artesanal y atención cálida; el ritual del desayuno hecho experiencia."
"The Coffee Aledén Puerta, Guadalajara","Gastronomía, Cafeterías",Av. Universidad 1011,"20,7031727","-103,4216025",60,$100-$200,,Cafeterías,"Cafetería de especialidad de la cadena The Coffee en Zapopan. Ambiente moderno con bebidas frías y calientes; una parada conveniente en la zona universitaria."
"The Coffee Legacy Tower, Guadalajara","Gastronomía, Cafeterías",Legacy Tower,"20,7077648","-103,4141715",60,$100-$200,,Cafeterías,"Sucursal de The Coffee en la imponente Legacy Tower de Guadalajara. Café de calidad en el edificio más alto de la ciudad con vistas espectaculares del skyline tapatío."
"The Coffee Cd. Granja, Guadalajara","Gastronomía, Cafeterías",Calz. Central 270-K01,"20,683413","-103,44493",60,$100-$200,,Cafeterías,"Cafetería de la cadena The Coffee en Ciudad Granja. Bebidas de especialidad en ambiente moderno; opción conveniente para los habitantes del poniente de Guadalajara."
"The Spot Café, Guadalajara","Gastronomía, Cafeterías",C. José María Vigil 2997,"20,6915376","-103,3877245",60,$100-$200,,Cafeterías,"Cafetería moderna y acogedora en la zona Providencia. Bebidas de autor y repostería en un espacio tranquilo ideal para trabajar o reunirse con amigos."
"Recoleta Confitería Argentina Tepeyac, Guadalajara","Gastronomía, Cafeterías",Av. Tepeyac 1042-A,"20,6624224","-103,4049732",60,$100-$200,,Cafeterías,"Confitería argentina en Chapalita. Medialunas auténticas y café estilo Buenos Aires; un pedazo de Argentina en Guadalajara para los amantes de la cultura rioplatense."
"Recoleta Confitería Argentina La Perla, Guadalajara","Gastronomía, Cafeterías",Av. Mariano Otero 3000-Piso 1,"20,6441408","-103,4127089",60,$100-$200,,Cafeterías,"Confitería argentina en La Perla Tapatía. Facturas y medialunas con café de olla o cortado; el sabor de Buenos Aires en el sur de Guadalajara."
"Bargüero, Guadalajara",Vida Nocturna,Av Providencia 1551,"20,7031541","-103,3766719",120,$200-$400,,Vida Nocturna
"Búnker Brew Club, Guadalajara",Vida Nocturna,San Jorge 225,"20,7165915","-103,3745531",120,$200-$400,,Vida Nocturna
"Mika Bar, Guadalajara",Vida Nocturna,Av. Patria 188,"20,7074421","-103,4128721",120,$200-$400,,Vida Nocturna
"Bar Barba Negra 1988, Guadalajara",Vida Nocturna,C. Justo Sierra 2194-A,"20,6778677","-103,3722255",120,$200-$400,,Vida Nocturna
"Maldito Consuelo, Guadalajara",Vida Nocturna,C. Leñadores 225,"20,6776731","-103,4026572",120,$200-$400,,Vida Nocturna
El Vegano,Vegana,C. Simón Bolívar 504,"20,6673515","-103,3726504",60,$100-$200,,Vegana,"Restaurante 100% vegano con opciones de cocina mexicana e internacional. Ambiente acogedor con menú variado que satisface tanto a veganos convencidos como a curiosos."
